<?xml version='1.0' encoding='UTF-8' ?>
<timeLogEntries>
  <time id="1" path="/TI_SantiagoTrochez/PSP0/Planning" start="@1631457729558" delta="21" />
  <time id="2" path="/TI_SantiagoTrochez/PSP0/Planning" start="@1631461700135" delta="15" />
  <time id="3" path="/TI_SantiagoTrochez/PSP0/Planning" start="@1631462843065" delta="5" />
  <time id="4" path="/TI_SantiagoTrochez/PSP0/Planning" start="@1631463728286" delta="29" />
  <time id="5" path="/TI_SantiagoTrochez/PSP0/Planning" start="@1631762951667" delta="32" comment="Terminada la fase 1 del método de la ingeniería" />
  <time id="6" path="/TI_SantiagoTrochez/PSP0/Planning" start="@1631887684460" delta="80" comment="Terminada la fase 2, 3 y 4 del método de la ingeníeria" />
  <time id="7" path="/TI_SantiagoTrochez/PSP0/Planning" start="@1631978898889" delta="179" interrupt="10" />
  <time id="8" path="/TI_SantiagoTrochez/PSP0/Planning" start="@1631993263156" delta="117" interrupt="5" comment="Realización de Mockups" />
  <time id="9" path="/TI_SantiagoTrochez/PSP0/Planning" start="@1632069966283" delta="31" comment="Realización de mockups para la segunda alternativa y finalización de la etapa 5 del método de la ingeniería" />
  <time id="10" path="/TI_SantiagoTrochez/PSP0/Planning" start="@1632073239147" delta="10" />
  <time id="11" path="/TI_SantiagoTrochez/PSP0/Design" start="@1632074128808" delta="43" />
  <time id="12" path="/TI_SantiagoTrochez/PSP0/Design" start="@1632093204169" delta="57" interrupt="8" />
  <time id="13" path="/TI_SantiagoTrochez/PSP0/Design" start="@1632097919437" delta="22" comment="Terminación de TADS hasta HashTable" />
  <time id="14" path="/TI_SantiagoTrochez/PSP0/Design" start="@1632150420309" delta="23" comment="TAD de Stack comenzado" />
  <time id="15" path="/TI_SantiagoTrochez/PSP0/Design" start="@1632268836916" delta="59" />
  <time id="16" path="/TI_SantiagoTrochez/PSP0/Design" start="@1632276509842" delta="32" />
  <time id="17" path="/TI_SantiagoTrochez/PSP0/Code" start="@1632666041817" delta="31" />
  <time id="18" path="/TI_SantiagoTrochez/PSP0/Code" start="@1632669102026" delta="208" />
  <time id="19" path="/TI_SantiagoTrochez/PSP0/Code" start="@1632681569073" delta="144" />
  <time id="20" path="/TI_SantiagoTrochez/PSP0/Design" start="@1632690254621" delta="4" comment="Agregados los escenarios de los casos de prueba" />
  <time id="21" path="/TI_SantiagoTrochez/PSP0/Code" start="@1632690550890" delta="530" comment="Falta por asignar qué cliente tiene el menor tiempo para asignarlo a la lista." />
  <time id="22" path="/TI_SantiagoTrochez/PSP0/Design" start="@1632722536661" delta="11" />
  <time id="23" path="/TI_SantiagoTrochez/PSP0/Code" start="@1632801677227" delta="111" comment="Falta por corregir los tiempos y también la validación de números de unidades disponibles" />
  <time id="24" path="/TI_SantiagoTrochez/PSP0/Code" start="@1632868901449" delta="361" />
</timeLogEntries>
