<?xml version='1.0' encoding='UTF-8' ?>
<timeLogEntries>
  <time id="1" path="/prueba/PSP0/Planning" start="@1631319838614" delta="2" interrupt="1" />
  <time id="2" path="/prueba/PSP0/Planning" start="@1631457729479" delta="77" />
  <time id="3" path="/prueba/PSP0/Planning" start="@1631462663328" delta="47" />
  <time id="4" path="/prueba/PSP0/Planning" start="@1631888602949" delta="67" comment="Terminada fase 1 y 2 del metodo de la ingeniera" />
  <time id="5" path="/prueba/PSP0/Planning" start="@1631988156938" delta="37" />
  <time id="6" path="/prueba/PSP0/Planning" start="@1631994542692" delta="102" comment="Creacion de mockups " />
  <time id="7" path="/prueba/PSP0/Planning" start="@1632066215794" delta="127" />
  <time id="8" path="/prueba/PSP0/Design" start="@1632074107774" delta="44" />
  <time id="9" path="/prueba/PSP0/Design" start="@1632093106754" delta="103" />
  <time id="10" path="/prueba/PSP0/Design" start="@1632275918249" delta="106" />
  <time id="11" path="/prueba/PSP0/Design" start="@1632525471632" delta="98" />
  <time id="12" path="/prueba/PSP0/Design" start="@1632595108176" delta="156" />
  <time id="13" path="/prueba/PSP0/Code" start="@1632604499280" delta="362" />
  <time id="14" path="/prueba/PSP0/Code" start="@1632665525905" delta="419" />
  <time id="15" path="/prueba/PSP0/Code" start="@1632690672105" delta="80" />
  <time id="16" path="/prueba/PSP0/Code" start="@1632695453549" delta="163" />
  <time id="17" path="/prueba/PSP0/Code" start="@1632705241773" delta="62" />
  <time id="18" path="/prueba/PSP0/Code" start="@1632805229750" delta="57" />
  <time id="19" path="/prueba/PSP0/Test" start="@1632845901713" delta="276" />
</timeLogEntries>
