<?xml version='1.0' encoding='UTF-8' ?>
<timeLogEntries>
  <time id="1" path="/T1_Luis Miguel-Ossa Arias/PSP0/Planning" start="@1631457724504" delta="82" interrupt="2" />
  <time id="2" path="/T1_Luis Miguel-Ossa Arias/PSP0/Planning" start="@1631464864167" delta="10" />
  <time id="3" path="/T1_Luis Miguel-Ossa Arias/PSP0/Planning" start="@1631762936582" delta="24" comment="Terminada la fase 1 del método de la ingeniería" />
  <time id="4" path="/T1_Luis Miguel-Ossa Arias/PSP0/Planning" start="@1631887695127" />
  <time id="5" path="/T1_Luis Miguel-Ossa Arias/PSP0/Planning" start="@1631887700888" delta="82" />
  <time id="6" path="/T1_Luis Miguel-Ossa Arias/PSP0/Planning" start="@1631978880732" delta="157" />
  <time id="7" path="/T1_Luis Miguel-Ossa Arias/PSP0/Planning" start="@1632070446581" delta="60" />
  <time id="8" path="/T1_Luis Miguel-Ossa Arias/PSP0/Design" start="@1632074058201" delta="46" />
  <time id="9" path="/T1_Luis Miguel-Ossa Arias/PSP0/Design" start="@1632093233219" delta="53" />
  <time id="10" path="/T1_Luis Miguel-Ossa Arias/PSP0/Design" start="@1632098944387" delta="6" />
  <time id="11" path="/T1_Luis Miguel-Ossa Arias/PSP0/Design" start="@1632268867980" delta="59" />
  <time id="12" path="/T1_Luis Miguel-Ossa Arias/PSP0/Design" start="@1632276514044" delta="42" />
  <time id="13" path="/T1_Luis Miguel-Ossa Arias/PSP0/Design" start="@1632526684466" delta="74" />
  <time id="14" path="/T1_Luis Miguel-Ossa Arias/PSP0/Design" start="@1632579984442" delta="58" />
  <time id="15" path="/T1_Luis Miguel-Ossa Arias/PSP0/Code" start="@1632583468718" delta="44" />
  <time id="16" path="/T1_Luis Miguel-Ossa Arias/PSP0/Design" start="@1632587907162" delta="57" />
  <time id="17" path="/T1_Luis Miguel-Ossa Arias/PSP0/Design" start="@1632597167426" delta="64" />
  <time id="18" path="/T1_Luis Miguel-Ossa Arias/PSP0/Design" start="@1632601009259" delta="67" />
  <time id="19" path="/T1_Luis Miguel-Ossa Arias/PSP0/Code" start="@1632605004959" delta="10" />
  <time id="20" path="/T1_Luis Miguel-Ossa Arias/PSP0/Code" start="@1632606415943" delta="29" />
  <time id="21" path="/T1_Luis Miguel-Ossa Arias/PSP0/Code" start="@1632618932162" delta="63" />
  <time id="22" path="/T1_Luis Miguel-Ossa Arias/PSP0/Code" start="@1632666084757" delta="12" />
  <time id="23" path="/T1_Luis Miguel-Ossa Arias/PSP0/Code" start="@1632668370246" delta="720" interrupt="115" />
  <time id="24" path="/T1_Luis Miguel-Ossa Arias/PSP0/Code" start="@1632801783645" delta="58" />
</timeLogEntries>
